,date,post title,score,upvote_ratio
0,1670288852,Joebiden,1,1.0
1,1669897576,"#JoeBiden to Meet UK Royals #PrinceWilliam, #KateMiddleton in #Boston Tomorrow",1,1.0
2,1669827363,Hunter Bidenâ€™s Business Activities Will Be Discussed At The 9th BTWC Conference â€“ And itâ€™s a Huge Blow For Joe Biden #BioLabsecurity #Biology #BTWC #Democraticparty #HunterBiden #JoeBiden #Ukraine #UnitedNations,1,1.0
3,1669812376,#joebiden Sniffing edit,1,1.0
4,1669812355,#joebiden Sniffing,1,1.0
5,1669812340,#joebiden Sniffing,1,1.0
6,1669812253,#joebiden Sniffing,1,1.0
7,1669683032,BEFORE &amp; After 2020 #MAGA #Biden #Trump #JoeBiden #DonaldTrump #USA #A...,1,1.0
8,1669591629,Joe Biden Lost and Confused * Funny Video #funnyvideo #joebiden,1,1.0
9,1669591627,Joe Biden Lost and Confused * Funny Video #funnyvideo #joebiden,1,1.0
10,1669591618,Joe Biden Lost and Confused * Funny Video #funnyvideo #joebiden,1,1.0
11,1669591610,Joe Biden Lost and Confused * Funny Video #funnyvideo #joebiden,1,1.0
12,1669591607,Joe Biden Lost and Confused * Funny Video #funnyvideo #joebiden,1,1.0
13,1669591605,Joe Biden Lost and Confused * Funny Video #funnyvideo #joebiden,1,1.0
14,1669591588,Joe Biden Lost and Confused * Funny Video #funnyvideo #joebiden,1,1.0
15,1669591586,Joe Biden Lost and Confused * Funny Video #funnyvideo #joebiden,1,1.0
16,1669591584,Joe Biden Lost and Confused * Funny Video #funnyvideo #joebiden,1,1.0
17,1669591579,Joe Biden Lost and Confused * Funny Video #funnyvideo #joebiden,1,1.0
18,1669591432,"Joe Biden Trips, Falls, and Looses his Balance #joebiden #funnyvideo #fails",1,1.0
19,1669591431,"Joe Biden Trips, Falls, and Looses his Balance #joebiden #funnyvideo #fails",1,1.0
20,1669591428,"Joe Biden Trips, Falls, and Looses his Balance #joebiden #funnyvideo #fails",1,1.0
21,1669591421,"Joe Biden Trips, Falls, and Looses his Balance #joebiden #funnyvideo #fails",1,1.0
22,1669591415,"Joe Biden Trips, Falls, and Looses his Balance #joebiden #funnyvideo #fails",1,1.0
23,1669591414,"Joe Biden Trips, Falls, and Looses his Balance #joebiden #funnyvideo #fails",1,1.0
24,1669591412,"Joe Biden Trips, Falls, and Looses his Balance #joebiden #funnyvideo #fails",1,1.0
25,1669591411,"Joe Biden Trips, Falls, and Looses his Balance #joebiden #funnyvideo #fails",1,1.0
26,1669591409,"Joe Biden Trips, Falls, and Looses his Balance #joebiden #funnyvideo #fails",1,1.0
27,1669591408,"Joe Biden Trips, Falls, and Looses his Balance #joebiden #funnyvideo #fails",1,1.0
28,1669591407,"Joe Biden Trips, Falls, and Looses his Balance #joebiden #funnyvideo #fails",1,1.0
29,1669591406,"Joe Biden Trips, Falls, and Looses his Balance #joebiden #funnyvideo #fails",1,1.0
30,1669591403,"Joe Biden Trips, Falls, and Looses his Balance #joebiden #funnyvideo #fails",1,1.0
31,1669580135,"Joe Biden Trips, Falls, and Looses his Balance #joebiden #funnyvideo #fails",1,1.0
32,1669570768,"Joe Biden * I'm Lost and Confused, - HELP! #funnyvideo #joebiden #politics",1,1.0
33,1669570761,"Joe Biden * I'm Lost and Confused, - HELP! #funnyvideo #joebiden #politics",1,1.0
34,1669570753,"Joe Biden * I'm Lost and Confused, - HELP! #funnyvideo #joebiden #politics",1,1.0
35,1669570743,"Joe Biden * I'm Lost and Confused, - HELP! #funnyvideo #joebiden #politics",1,1.0
36,1669570733,"Joe Biden * I'm Lost and Confused, - HELP! #funnyvideo #joebiden #politics",1,1.0
37,1669570717,"Joe Biden * I'm Lost and Confused, - HELP! #funnyvideo #joebiden #politics",1,1.0
38,1669567986,Joe Biden Shaking Hands With Imaginary Friends #funnyvideo #joebiden #p...,1,1.0
39,1669567938,Joe Biden Shaking Hands With Imaginary Friends #funnyvideo #joebiden #politics,1,1.0
40,1669567936,Joe Biden Shaking Hands With Imaginary Friends #funnyvideo #joebiden #politics,1,1.0
41,1669567934,Joe Biden Shaking Hands With Imaginary Friends #funnyvideo #joebiden #politics,1,1.0
42,1669567920,Joe Biden Shaking Hands With Imaginary Friends #funnyvideo #joebiden #politics,1,1.0
43,1669567916,Joe Biden Shaking Hands With Imaginary Friends #funnyvideo #joebiden #politics,1,1.0
44,1669567914,Joe Biden Shaking Hands With Imaginary Friends #funnyvideo #joebiden #politics,1,1.0
45,1669567912,Joe Biden Shaking Hands With Imaginary Friends #funnyvideo #joebiden #politics,1,1.0
46,1669567910,Joe Biden Shaking Hands With Imaginary Friends #funnyvideo #joebiden #politics,1,1.0
47,1669567907,Joe Biden Shaking Hands With Imaginary Friends #funnyvideo #joebiden #politics,1,1.0
48,1669567784,Joe Biden Shaking Hands With Imaginary Friends #funnyvideo #joebiden #politics,1,1.0
49,1669566767,Joe Biden Shaking Hands With Imaginary Friends #funnyvideo #joebiden #politics,1,1.0
50,1669566765,Joe Biden Shaking Hands With Imaginary Friends #funnyvideo #joebiden #politics,1,1.0
51,1669566763,Joe Biden Shaking Hands With Imaginary Friends #funnyvideo #joebiden #politics,1,1.0
52,1669566757,Joe Biden Shaking Hands With Imaginary Friends #funnyvideo #joebiden #politics,1,1.0
53,1669566751,Joe Biden Shaking Hands With Imaginary Friends #funnyvideo #joebiden #politics,1,1.0
54,1669566748,Joe Biden Shaking Hands With Imaginary Friends #funnyvideo #joebiden #politics,1,1.0
55,1669566746,Joe Biden Shaking Hands With Imaginary Friends #funnyvideo #joebiden #politics,1,1.0
56,1669566741,Joe Biden Shaking Hands With Imaginary Friends #funnyvideo #joebiden #politics,1,1.0
57,1669566734,Joe Biden Shaking Hands With Imaginary Friends #funnyvideo #joebiden #politics,1,1.0
58,1669566733,Joe Biden Shaking Hands With Imaginary Friends #funnyvideo #joebiden #politics,1,1.0
59,1669566731,Joe Biden Shaking Hands With Imaginary Friends #funnyvideo #joebiden #politics,1,1.0
60,1669566730,Joe Biden Shaking Hands With Imaginary Friends #funnyvideo #joebiden #politics,1,1.0
61,1669299588,WH PRESS SECRETARY RE: BIDEN INVESTIGATION ğŸ™„ğŸ¤ª #biden #joebiden #bidenadministration #letsgobrandon,1,1.0
62,1669206520,#joebiden #worldcup #2023 #kingofsalman #saudiarabia #trump #nationalday,1,1.0
63,1669196033,"Today Update : BREAKING!! A US State Representative , @jarvisjohnsontx Writes @JoeBiden @POTUS Over Nigerian government Disregard of Court Orders that rules that Mazi Nnamdi Kanu the IPOB leader should be released. @_AfricanUnion @netanyahu @elonmusk @GiorgiaMeloni @RishiSunak . Click link bel...",1,1.0
64,1669172028,Joe Biden is Shaking Hands With His Imaginary Friends #politics #joebiden #donaldtrump #news,1,1.0
65,1669172021,Joe Biden is Shaking Hands With His Imaginary Friends #politics #joebiden #donaldtrump #news,1,1.0
66,1669141450,Joe Biden is Shaking Hands With His Imaginary Friends #politics #joebiden #donaldtrump #news,1,1.0
67,1669141438,Joe Biden is Shaking Hands With His Imaginary Friends #politics #joebiden #donaldtrump #news,1,1.0
68,1669141430,Joe Biden is Shaking Hands With His Imaginary Friends #politics #joebiden #donaldtrump #news,1,1.0
69,1669141429,Joe Biden is Shaking Hands With His Imaginary Friends #politics #joebiden #donaldtrump #news,1,1.0
70,1669141426,Joe Biden is Shaking Hands With His Imaginary Friends #politics #joebiden #donaldtrump #news,1,1.0
71,1669141424,Joe Biden is Shaking Hands With His Imaginary Friends #politics #joebiden #donaldtrump #news,1,1.0
72,1669141420,Joe Biden is Shaking Hands With His Imaginary Friends #politics #joebiden #donaldtrump #news,1,1.0
73,1669141412,Joe Biden is Shaking Hands With His Imaginary Friends #politics #joebiden #donaldtrump #news,1,1.0
74,1669105524,Joe Biden is Shaking Hands With His Imaginary Friends #politics #joebiden #donaldtrump #news,1,1.0
75,1669104898,Joe Biden is Shaking Hands With His Imaginary Friends #politics #joebiden #donaldtrump #news,1,1.0
76,1669104463,Joe Biden is Shaking Hands With His Imaginary Friends #politics #joebiden #donaldtrump #news,1,1.0
77,1669103332,Joe Biden is Shaking Hands With His Imaginary Friends #politics #joebiden #donaldtrump #news,1,1.0
78,1669103273,Joe Biden is Shaking Hands With His Imaginary Friends #politics #joebiden #donaldtrump #news,1,1.0
79,1669086589,Joe Biden is Shaking Hands With His Imaginary Friends #politics #joebiden #donaldtrump #news,1,1.0
80,1669086583,Joe Biden is Shaking Hands With His Imaginary Friends #politics #joebiden #donaldtrump #news,1,1.0
81,1669086574,Joe Biden is Shaking Hands With His Imaginary Friends #politics #joebiden #donaldtrump #news,1,1.0
82,1669022680,Joe Biden birthday / festival wishing videos production | Prepare wishing content about 10 to 30 seconds | #joebiden #biden,1,1.0
83,1668953319,#America#joebiden,1,1.0
84,1668883869,How many people are feeling this #inflation Iâ€™ll bet my left #ğŸ¥œ itâ€™s everyone all over the #world #rent #gasprices #money #cash #dollar #dinero #trump #joebiden #elonmusk #yousuck,1,1.0
85,1668685308,Will JoeBiden and his corrupt administration have the balls to make Zelensky pay America back for all the billions of dollars that was laundered through #Ukraine ??,1,1.0
86,1668612857,VIDEO! â€˜The Simpsonsâ€™ predicted Donald Trumpâ€™s 2024 presidential run in 2015! https://youtu.be/bDlCr06A_VI #TheSimpsons #DonaldTrump #DonaldTrump2024 #Donald #Trump2024 #Trump #TrumpIsALaughingStock #USA #AMERICA2024 #JoeBiden #PresidentTrump2024,1,1.0
87,1668612835,VIDEO! â€˜The Simpsonsâ€™ predicted Donald Trumpâ€™s 2024 presidential run in 2015! https://youtu.be/bDlCr06A_VI #TheSimpsons #DonaldTrump #DonaldTrump2024 #Donald #Trump2024 #Trump #TrumpIsALaughingStock #USA #AMERICA2024 #JoeBiden #PresidentTrump2024,1,1.0
88,1668612822,VIDEO! â€˜The Simpsonsâ€™ predicted Donald Trumpâ€™s 2024 presidential run in 2015! https://youtu.be/bDlCr06A_VI #TheSimpsons #DonaldTrump #DonaldTrump2024 #Donald #Trump2024 #Trump #TrumpIsALaughingStock #USA #AMERICA2024 #JoeBiden #PresidentTrump2024,1,1.0
89,1668612810,VIDEO! â€˜The Simpsonsâ€™ predicted Donald Trumpâ€™s 2024 presidential run in 2015! https://youtu.be/bDlCr06A_VI #TheSimpsons #DonaldTrump #DonaldTrump2024 #Donald #Trump2024 #Trump #TrumpIsALaughingStock #USA #AMERICA2024 #JoeBiden #PresidentTrump2024,1,1.0
90,1668612783,VIDEO! â€˜The Simpsonsâ€™ predicted Donald Trumpâ€™s 2024 presidential run in 2015! https://youtu.be/bDlCr06A_VI #TheSimpsons #DonaldTrump #DonaldTrump2024 #Donald #Trump2024 #Trump #TrumpIsALaughingStock #USA #AMERICA2024 #JoeBiden #PresidentTrump2024,1,1.0
91,1668612766,VIDEO! â€˜The Simpsonsâ€™ predicted Donald Trumpâ€™s 2024 presidential run in 2015! https://youtu.be/bDlCr06A_VI #TheSimpsons #DonaldTrump #DonaldTrump2024 #Donald #Trump2024 #Trump #TrumpIsALaughingStock #USA #AMERICA2024 #JoeBiden #PresidentTrump2024,1,1.0
92,1668612754,VIDEO! â€˜The Simpsonsâ€™ predicted Donald Trumpâ€™s 2024 presidential run in 2015! https://youtu.be/bDlCr06A_VI #TheSimpsons #DonaldTrump #DonaldTrump2024 #Donald #Trump2024 #Trump #TrumpIsALaughingStock #USA #AMERICA2024 #JoeBiden #PresidentTrump2024,1,1.0
93,1668585687,"Hindu Activist on Instagram: ""G 20 Summit in Indonesia 2022 #g20indonesia #g20 #g20bali #g20summit #pmmodi #rishisunak #joebiden #bhartiyajantaparty #india #hindimotivation #hindifacts07 #hindimemes #proudindian #proud #hindiknowledge #latest #manmohansingh #indiannationalcongress #congressparty #bj",1,1.0
94,1668582475,"They have marks voice!! thats so cool! AI Voice Changers are getting so advanced, itâ€™s fascinating ğŸ˜± #voicechanger #elonmusk #voiceai #ai #voicemod #voicechat #future #morganfreeman #joebiden #mrbeast #tiktokusa",1,1.0
95,1668512587,"Hindu Activist on Instagram: ""G-20 Summit à¤•à¥€ à¤¬à¥ˆà¤ à¤• à¤¶à¥à¤°à¥‚ à¤¹à¥‹à¤¨à¥‡ à¤¸à¥‡ à¤ªà¤¹à¤²à¥‡ 'à¤‹à¤·à¤¿ à¤¸à¥à¤¨à¤•' à¤”à¤° à¤ªà¥à¤°à¤§à¤¾à¤¨à¤®à¤‚à¤¤à¥à¤°à¥€ à¤•à¥€ 'à¤¨à¤°à¥‡à¤¨à¥à¤¦à¥à¤° à¤®à¥‹à¤¦à¥€' à¤•à¥€ à¤ªà¤¹à¤²à¥€ à¤®à¥à¤²à¤¾à¤•à¤¾à¤¤à¥¤ à¤‡à¤¸ à¤ªà¤° à¤†à¤ªà¤•à¥€ à¤•à¥à¤¯à¤¾ à¤°à¤¾à¤¯ à¤¹à¥ˆ? #g20indonesia #g20 #g20summit #narendramodi #bali #joebiden #rishisunak #modibidenmeeting #trending #abpnews #pmmodi #indiandiaspora #latestnews",1,1.0
96,1668501511,"American people are having economic struggle, because, Joe Biden is spending money on Zelenskys war against Russia #joebiden #zelensky #trump #warinukraineğŸ‡ºğŸ‡¦ #economiccrises #proukraine #bilions",1,1.0
97,1668429161,"FUNNY JOE ""THE CLIMATE"" BIDEN TALKğŸ˜‚ğŸ˜‚ğŸ˜‚ #joebiden #funny",1,1.0
98,1668292339,"Harry Sisson on Instagram: ""We can still beat Lauren Boebert!!! #laurenboebert #boebert #republican #democrat #joebiden #biden #presidentbiden #meidastouch""",1,1.0
99,1668147831,The Great Financial Replacement: Is America Adopting a New Currency? #cbdc #centralbankdigitalcurrencies #FederalReserveChairmanJeromePowell #imf #JoeBiden,1,1.0
100,1668037629,"RT @joelpollak: A journalist just asked @JoeBiden whether @elonmusk is a ""threat to national security"" simply because he bought @Twitter, and @POTUS said it's ""worth being looked at,"" which shows you how much our press corps and politicians fear free speech. Absolutely awful question and answer.",1,1.0
101,1667918653,"Today Update : This liar is reading -- badly and unconvincingly -- what he's told to read. Much like @johnfetterman and @joebiden do. No police officers were killed on 1/6, and this punk Fanone was the aggressor. He attacked citizens. . Click link below to read more.",1,1.0
102,1667856846,@BarackObama - A simple message from @JoeBiden and me: Vote!,1,1.0
103,1667849350,"Barack Obama on Instagram: ""A simple message from @JoeBiden and me: Vote!""",1,1.0
104,1667832170,"World Series ads attacking @Joebiden for sending $66B to Ukraine &amp; risking nuclear Armageddon. The GOP will capitalize on the silencing of pro-diplomacy @HouseDemocrats , who would normally be the ones to make this argument, as @brhodes , @PeterBeinart , @briebriejoy warned.",1,1.0
105,1667804654,"Today's Must Watch: Joe Slips, ""No More Drilling"" And Pollster Who Correctly Predicted Brexit/ Trump 2016 Predicts "" Red Wave! "" #JoeBiden #MAGA #Nomoredrilling #PatrickBasham #RedWave #RWRTodaysMustWatch",1,1.0
106,1667775219,JoeBiden. The greatest of all time,1,1.0
107,1667742410,Who will b the first #president in #us history in the 21st century to take #america into a #recession #ğŸ¤£ #ğŸ˜‚ #ğŸ¤£ğŸ¤£ğŸ¤£ #ğŸ˜‚ #ğŸ¤£ğŸ˜‚ #ğŸ‘‰ @joebiden #ğŸ‘ˆ #joebiden,1,1.0
108,1667741488,If I was u Iâ€™ll b #buying ğŸ‘‰ #bitcoin ğŸ‘ˆ #rightnow u will thank me #sometime in the #furture if u donâ€™t sell #btc now!! #gold #gasprices #economy #joebiden #trump #cryptocurrency #thankyou #somuch ğŸ‘‰ #satoshinakamoto ğŸ‘ˆ #money #cash #dinero #dollar #rent #twitter #elonmusk,1,1.0
109,1667683128,"Joined r/Joebiden for the laughs. This popped up today. Of course, no one is allowed to comment unless you are â€˜trustedâ€™. This is the shit they shovel at Americaâ€¦and the Lefties believe it. Sheep.",1,1.0
110,1667632448,"In the Closing Week Before the Midterms, Democrats Sealed Their Own Doom #CharlieCrist #JoeBiden #KariLake #kathyhochul #KatieHobbs #LeeZeldin #MidtermElections #PaulPelosiattack #Redwaveiscoming",1,1.0
111,1667626960,"""FULL INTERVIEW: #JoeBiden spends more time wondering how to get off the stage than actually speaking""",1,1.0
112,1667612128,"Today Update Breaking || #TigrayUnderAttack ğŸ‡ªğŸ‡¹|n drones have attacked civilians in #Maychew,Tigray! Dear @_AfricanUnion @POTUS @UN @EUCouncil @IntlCrimCourt monitor &amp; verified the signed peace agreement.@JoeBiden @WHO Act to #StopWarOnTigray &amp; #EritreaOutOfTigray â€¦",1,1.0
113,1667439449,Joe Biden Warns Dark Forces Thirst For Power! #joebiden #election #politics,1,1.0
114,1667429700,"Jawn Fetterman: Big news, Philly! @JoeBiden + @BarackObama will both be in town on Saturday to help us flip this Senate seat ğŸ”µ",1,1.0
115,1667428800,"Jawn Fetterman: Big news, Philly! @JoeBiden + @BarackObama will both be in town on Saturday to help us flip this Senate seat ğŸ”µ",1,1.0
116,1667419757,"The Fed is toast, and we're in trouble https://t.co/leI14ZismI #America #economiccrash #JeromePowell #JoeBiden #MichaelBurry #stock #market #USA #VolodymyrZelenskyy https://t.co/hb2DxjIqtX",1,1.0
117,1667280314,Joe Biden and His Administrationâ€™s Use of Disinformation https://t.co/Wy6gwHCeOE #Administration #Biden #Disinformation #JoeBiden #Propaganda #USA https://t.co/YrMoQbycL7,1,1.0
118,1667027557,Democrats Claim Democratic Institutions Need to be Destroyed to â€œSave Democracy.â€ #2020Election #Democracy #electiondeniers #JenPsaki #JoeBiden #MaxBoot #midterms #NancyPelosi,1,1.0
119,1667001003,Joe Biden is an Economic Genius! #joebiden ğŸ‡ºğŸ‡¸ğŸ‡ºğŸ‡¸,1,1.0
120,1666759392,Las breves del coronavirus de este martes 25 de octubre shorts covid19 joebiden scrabble oms,1,1.0
121,1666632081,First Lady Jill Biden's Meeting With Secs Walsh And Cardona #jillbiden #joebiden #secs,1,1.0
122,1666493319,How do you start a #new #world #order #ğŸ‘‰ #covid #war #recession #dollar #crisis #unemployment #money #control #brainwash #agenda #news #politics #immigration #laws #constitution #joebiden #inflation #wallstreet #corporateamerica and a few others #ğŸ‘ˆ less then 69 days left for #2023 are u ready!!,1,1.0
123,1666211911,Can u imagine how the super #rich and the #welthy will react with the next ( #upcoming ) ğŸ‘‰ #recession ğŸ‘ˆ #omg #money #cash #dinero #dollar #stocks #joebiden #trump #FinancialFreedom #marketcrash #coming #economics #inflation #Amazon #jeffbezos,1,1.0
124,1666116119,"For #USA President talking so frankly about possibility of nuclear â€œArmageddon,â€ as #JoeBiden @POTUS did Thursday, is bone chillingâ€¦",1,1.0
125,1665973958,#blackrock #aladdin #investments #wallstreet #usa #fyp #fypã‚· #adult #news #joebiden #trump #news #dowjones #401k #rothira #caughtoncamera,1,1.0
126,1665897288,"U.S. Treasury Jumps on Board of ""Killing DeSantis"" Train: Starts ""Probe"" Into Martha's Vineyard Flights #Covidrelief #inflationReductionAct #JoeBiden #Martha'sVineyardflights #politicallymotivatedinvestigations #RonDeSantis #USTreasury",1,1.0
127,1665695154,#JoeBiden #trump #Democrat #republican #UkraineRussianWar #inflation #rent #money #dollar #cash #dollar #kamalaharris #GasPrices #stocks #vote,1,1.0
128,1665646742,Incredible. Saudi Arabia just threw @JoeBiden under the bus. The Saudis expose that Biden wanted them to delay a decision about limiting oil production until after the midterms because Biden didnâ€™t want new fuel price hikes until after the election. Very corrupt and impeachable.,1,1.0
129,1665627951,"MeidasTouch on Instagram: ""This new DNC ad should be on every TV in America! #dnc #gop #democrats #republicans #republican #democrat #joebiden #biden #presidentbiden #meidastouch""",1,1.0
130,1665596961,THREAD: It's very telling to see how corporate media is currently fixating on John Fetterman's understandable struggles post stroke with how they completely ignored @JoeBiden 's clear cognitive struggles throughout the 2020 Dem Primary.,1,1.0
131,1665467900,Silent But Deadly - The Quiet Lies Of The Media #HunterBidenLaptop #Jan6UsCapitolriot #JoeBiden #Medialies #NordStreamPipeline #Putin #Russia #RussianCollusion #Trump #zelenskyy,1,1.0
132,1665419477,Folks the reason #september11 happen was because the #fbi had #weapons of #massdestruction in the #twintowers â€¦â€¦â€¦â€¦ #joebiden #kamalaharris #nancypelosi #obama #proudboys #january6th #capital #trump2024 @realdonaldtrump #ilovetrump,1,1.0
133,1665338563,"ğŸ‡ºğŸ‡¸ @JoeBiden parviendra-t-il Ã  conserver ses minces majoritÃ©s au CongrÃ¨s? Ou rendra-t-il le contrÃ´le du SÃ©nat et de la Chambre des reprÃ©sentants aux rÃ©publicains? ğŸ—³ï¸ RÃ©ponse le 8 novembre, lors des Ã©lections de mi-mandat â¬‡ï¸ #AFP #AFPgraphics https://t.co/B18f1ZGSSn",1,1.0
134,1665306132,"ğŸ‡ºğŸ‡¸ @JoeBiden parviendra-t-il Ã  conserver ses minces majoritÃ©s au CongrÃ¨s? Ou rendra-t-il le contrÃ´le du SÃ©nat et de la Chambre des reprÃ©sentants aux rÃ©publicains? ğŸ—³ï¸ RÃ©ponse le 8 novembre, lors des Ã©lections de mi-mandat â¬‡ï¸ #AFP #AFPgraphics https://t.co/4ZnIoDqIUY",1,1.0
135,1665291440,"Sunday Thoughts: Biden Warns ""Nuclear Armageddon"" - How Real is This Possibility? #armageddon #Dangerouspoliticalrehetoric #JoeBiden #nuclear #NuclearArmageddon #SundayThoughts",1,1.0
136,1665226060,"ğŸ‡ºğŸ‡¸ @JoeBiden parviendra-t-il Ã  conserver ses minces majoritÃ©s au CongrÃ¨s? Ou rendra-t-il le contrÃ´le du SÃ©nat et de la Chambre des reprÃ©sentants aux rÃ©publicains? ğŸ—³ï¸ RÃ©ponse le 8 novembre, lors des Ã©lections de mi-mandat â¬‡ï¸ #AFP #AFPgraphics https://t.co/IMV4vq2Mqj",1,1.0
137,1665183096,"RT @JoeBiden: Many Republicans have called the Bipartisan Infrastructure program â€œsocialist.â€ Then, they asked for money from it. You canâ€™t make this stuff up. https://t.co/yQVHlM3vYw",1,1.0
138,1665158131,"The first time since the cold war, a potential nuclear threat is gripping the world. The Russia-Ukraine war is now taking a dangerous course, something that the US President Joe Biden calls an 'armageddon' threat. #US #joebiden #worldnews",1,1.0
139,1665123448,Gavin Newsom Presidency: Mission Impossible #2024presidentialelections #California #democratparty #gasprices #GavinNewsom #JoeBiden,1,1.0
140,1665006409,RT @JoeBiden: MAGA Republicans donâ€™t have a clue about the power of women. They are about to find out. https://t.co/akmHFkuOXS,1,1.0
141,1664976704,'ANOTHER @JOEBIDEN SUCCESS STORY!' America's national debt passes $31 trillion dollars,1,1.0
142,1664976688,'ANOTHER @JOEBIDEN SUCCESS STORY!' America's national debt passes $31 trillion dollars,1,1.0
143,1664976677,'ANOTHER @JOEBIDEN SUCCESS STORY!' America's national debt passes $31 trillion dollars,1,1.0
144,1664976667,'ANOTHER @JOEBIDEN SUCCESS STORY!' America's national debt passes $31 trillion dollars,1,1.0
145,1664976657,'ANOTHER @JOEBIDEN SUCCESS STORY!' America's national debt passes $31 trillion dollars,1,1.0
146,1664976648,'ANOTHER @JOEBIDEN SUCCESS STORY!' America's national debt passes $31 trillion dollars,1,1.0
147,1664923375,What are your thoughts?? @PeterSchiff @SchiffGold #recession #economy #feds #inflation #rates #money #cash #dollar #gold #dinero #WallStreet #Robinhood #stocks #trump #JoeBiden #banks #Job #rent #housing #Crisis #PeterSchiff,1,1.0
148,1664905653,"RT @joelpollak: It could very well be that the @JoeBiden administration sees an opportunity to remove Russia as a geopolitical rival. However, just as George W. Bush ignored the potential rise of Iran as a result of toppling Iraq, a Russian collapse would simply create â€œChinaâ€™s northern colony.â€",1,1.0
149,1664664038,"Sihle Ngobese: Theyâ€™ve convinced you #JoeBiden is â€œokayâ€, so ofcourse there is â€œnothing wrongâ€ with #JohnFetterman tooğŸ™„ğŸ™„ğŸ™„",1,1.0
150,1664644586,#trump #joebiden #nancypelosi #kamalaharris #inflation #florida #hurricaneian #vote #democrat #republican #illegal #immigrants #fbi #obama #border,1,1.0
151,1664543703,#JoeBiden #happy #Friday ğŸ‘‰ expect price in general to spike after #HurricaneIan ğŸ‘ˆ see u all in #2023 #ğŸ¤ª #ğŸ¤­ #ğŸ«£ #ğŸ™Š #ğŸ™ˆ #ğŸ™€ #ğŸ˜¯ #ğŸŒ€ #ğŸŒª #HuracanIan #Huracan #sos #BREAKING #BreakingNews,1,1.0
152,1664415106,FULL INTERVIEW: #KamalaHarris sounds like #JoeBiden and sheâ€™s of sound m...,1,1.0
153,1664359888,DeSantisâ€™ Plan to â€œOwn the Libsâ€ Is Working: â€œThe Libsâ€ Are Moving to His State. #GavinNewsom #JoeBiden #MainstreamMedia #Martha'sVineyard #RonDeSantis #satire #stateslosingcitizensmassexodus,1,1.0
154,1664336377,Joe Biden's Changes For Your 401k #Inflation #Retirement #GoldIRA #Wealth #Investing #JoeBiden #joebidenchangesforyour401k #401k #JoeBiden #joebidenchangesforyour401k,1,1.0
155,1664255662,r/JoeBiden banned me for this,1,1.0
156,1664197606,FULL INTERVIEW: #KamalaHarris sounds like #JoeBiden and sheâ€™s of sound mind. #JimmyDore,1,1.0
157,1664151035,#joebiden: she was 12 and i was 30.,1,1.0
158,1664129045,U all arenâ€™t taking this seriously #ğŸ¤£ #2023 &amp; #2024 is going #2 #b like u all never seen before #staytuned #ğŸ¤­ #ğŸ˜³ #ğŸ™€ #ğŸ™ˆ #ğŸ¤ª ğŸ‘‰ rumors are coming out that the #joebiden #administration is going to spend $10 #billion building a huge #water plant in the middle of the #saharadesert,1,1.0
159,1664117712,U all arenâ€™t taking this seriously #ğŸ¤£ #2023 &amp; #2024 is going #2 #b like u all never seen before #staytuned #ğŸ¤­ #ğŸ˜³ #ğŸ™€ #ğŸ™ˆ #ğŸ¤ª ğŸ‘‰ rumors are coming out that the #joebiden #administration is going to spend $10 #billion building a huge #water plant in the middle of the #saharadesert,1,1.0
160,1664084405,JoeBiden surprises Elton John by awarding him with the National Humanities Medal.,1,1.0
161,1664028219,Kim Dotcom - Dr. Andrew Huff was Vice President at EcoHealth. He speaks about the creation of Covid-19 via gain-of-function research with US Govt funding at the Wuhan lab in China. Did @JoeBiden lie about his Intel report on Covid-19?,1,1.0
162,1663966187,"Bigfoot_USA on Instagram: ""The blind leading the blind. #walkaway #joebiden""",1,1.0
163,1663852681,Might be the most comical post to /JoeBiden yet,1,1.0
164,1663798821,#joebiden #loser,1,1.0
165,1663775006,Impressive: @JoeBiden gave his long speech without falling asleep or shaking hands with a ghost. Need to recognise that. His doctors are outstanding. :D :D,1,1.0
166,1663637330,"Eric Feigl-Ding on Twitter: ""Heck noâ€¦ @JoeBiden â€” youâ€™re wrong. Pandemic is not over. Almost 3,000 Americans are dying from #COVID19 every single weekâ€¦ Donâ€™t even get me started on #LongCOVIDâ€”wreaking havoc on millions moreâ€¦â€",1,1.0
167,1663317053,"US President #JoeBiden announces new $600 million military aid package for #Ukraine According to the Pentagon, the package will include ammunition for HIMARS, night vision systems, demining equipment, 105mm and 155mm artillery shells, as well as other equipment.",1,1.0
168,1663164449,#America #inflation #feds #JoeBiden #trump #wallstreet #Hyperinflation #cash #money #dollar #sendmoney #Telegram #WesternUnion #cashapp #SHUTDOWN #FinancialFreedom #payday #rent #Bitcoin #QueenElizabethII,1,1.0
169,1663100138,"Got banned from r/joebiden for asking about hunter (on a post about beau). When i asked why i was muted for an on-topic, non-offensive question, they muted me. Stay strong tolerant and open-minded left",1,1.0
170,1663089567,Bryson Gray - Ashley's Diary [MUSIC VIDEO] #Ashleybiden #joebiden,1,1.0
171,1662933172,JOEBIDEN,1,1.0
172,1662917695,Let me say this. Iâ€™m a #Republican I really like #trump a lot. However I had #SmallBusiness that I had to close up and go work for #corporateamerica I #hate 2 say this! Iâ€™m doing much better under @JoeBiden explain that 2 me?,1,1.0
173,1662904036,"RT @joelpollak: If Ukraine hits a turning point against Russia, and Putin does not (or cannot) retaliate, @JoeBiden will deserve credit for a gamble that only he could have achieved, because U.S. media would never tolerate backing a war without clear aims if done by a Republican president (1/2).",1,1.0
174,1662875925,Today's Must Watch: 'My Son Hunter' full movie #Hunterslaptop #JoeBiden #MySonHunter #RobertDavi #RWRTodaysMustWatch,1,1.0
175,1662860056,Bryson Gray - Ashley's Diary [MUSIC VIDEO] #Ashleybiden #joebiden,0,0.5
176,1662594864,Inflation destroying people #inflation #biden #joebiden #political #politics #liberal #money #cash #poor #help #helpme #joe #f #fyp #foryou #foryoupage #fypã‚· #fy,1,1.0
177,1662568299,"#hunterbiden ""Cocaine in the Ukraine"" Cypress Hill remix #FJB #investigatebiden #joebiden #democratssuck",1,1.0
178,1662568226,"#hunterbiden ""Cocaine in the Ukraine"" Cypress Hill remix #FJB #investigatebiden #joebiden #democratssuck",1,1.0
179,1662568157,"""Cocaine in the Ukraine"" Cypress Hill remix #FJB #investigatebiden #joebiden #democratssuck #MysonHunter",1,1.0
180,1662558866,"If Bidenâ€™s Satanic Speech Had One Purpose, Itâ€™s to Prove That Everything You Hear From the Media Is a Bunch of Horse Manure #fakepolls #JoeBiden #MainstreamMedia #Mar-a-Lagoraid #midtermpolling #StudentLoanForgiveness",1,1.0
181,1662470884,YES I'M FED UP TOO ! ğŸ˜¡ #fedup #lizcheney #drfauci #joebiden #nancypelosi #nwo #jan6commision #fbi #wyoming #covid #mandates #letsgobrandon #trump #trump2024 #ğŸ‡ºğŸ‡¸ #fyp,1,1.0
182,1662383031,Watch how the #JoeBiden administration makes your tummy disappear ğŸ¤£ğŸ¤£ğŸ¤£ğŸ¤£ğŸ¤£ğŸ¤£ #JoeBiden &amp; make &amp; American great again!! #ğŸ¤£ #ğŸ˜† #ğŸ˜‚ #ğŸ˜ƒ #Trump2024ToSaveAmerica,1,1.0
183,1662212794,When your #rich and #famous and have everything in #life going #4 #u and u watching #joebiden on live #tv #talking #ğŸ˜‚ #ğŸ¤£ #ğŸ˜† wait till u see what the #simpsons are saying about #2023 #omg #ğŸ˜³,1,1.0
184,1662209495,Today's Must Watch: G Edward Griffin The 1943 Communist Directive #1943CommunistDirective #Communism #GEdwardGriffin #joebiden #nazism #radicalDemocrats #RWRTodaysMustWatch,1,1.0
185,1662206257,If u all though #trump was bad! #just wait till #2023 - see what the #simpons are saying about #2023 #ğŸ˜† #ğŸ˜‚ #ğŸ¤£ #joebiden #OMG,1,1.0
186,1662181145,#JoeBiden,1,1.0
187,1662177570,#bidenspeech #SaveAmerica #Bidenthedivider #DictatorBiden #JoeBiden #Fascism #totalitarian #fascist #authoritarian #USA #Dictator,1,1.0
188,1662159180,Joe the gun expert #gun #guns #ar15 #223 #556 #gunsdaily #bidensucks #joebiden #bidencrimefamily #joesucks,1,1.0
189,1662143361,#crybaby #kevinmccarthy whines after getting #slapped by #joebiden #theb...,1,1.0
190,1662038155,Biden Declares His Opponents â€Semi-fascists.â€ Does That Mean Time for Unity Is Over? #CharlieChrist #Democratunitytour #JoeBiden #JoeBideninaugurationspeech #KarineJeanpeirre #kathyhochul #MAGA #semi-fascists,1,1.0
191,1661970231,I have some questionsâ€¦.. #joebiden #democrats #frauds #stolen #elections #FJB #letsgobrandon #trump2024 #fyp #ReTokforNature #alexachangethepresident #usa #conservative #questions #greenscreenvideo,1,1.0
192,1661915193,When protecting bathrooms are more important than humansâ€¦ #uvalde #wtf #jillbiden #goingtogo #joebiden,1,1.0
193,1661772489,Mark Zuckerbergâ€™s â€Cover Your A$$â€ Routine: â€FBI Made Me Do It!â€ #2020electionsocialmediainteference #Facebook #FBI #JoeBiden #JoeRogan #MarkZuckerberg #MediaCensorship #Twitter,1,1.0
194,1661742140,cingus and joebiden gallery,1,1.0
195,1661476441,If we elect another #joebiden as #president the entire #usa will go into a #coma with everyone in it!! Be extremely careful going into #2023 #dinasours are starting 2 come out again after millions of yearsâ€¦.. #ğŸ¤£ #ğŸ˜† #ğŸ˜‚ #ğŸ¤ª ğŸ‘‰ #ğŸ¦– #ğŸ¦•ğŸ¦– ğŸ‘ˆ,1,1.0
196,1661338551,Latest USA highlights 24 August 2022 watch it on www.bbnewsin.com subscribe now to stay updated #USA #PresidentialDebate2022 #JoeBiden,1,1.0
197,1660966384,Don't Trust anything #POTUS #JoeBiden or #TheDemocrats tell you they won't lift one finger to help you. And you can't trust the #GOP either because they're all #Nazis. #America has become a cesspool of evil.,1,1.0
198,1660892984,"Many Young, Healthy Adults Falling Dead May Trigger a Black Swan Event that Collapses World Society! #BlackSwanEvent #CDC #CDClies #COVIDVaccines #DrFauci #JoeBiden #RWRCovid #SADS #Vaccinesuddendeaths #VAERS #VladimirZelenko",1,1.0
199,1660527075,Scientists are working hard around the clock to bring down #inflation and everything else we have been seeing and experiencing now since #joebiden took #ovaloffice hang in there they are all working very hard and we still have 2 more years left for his contact to expire.,1,1.0
200,1660418812,Joe Rogan &amp; Theo Von feel bad for Joe Biden #joerogan #shorts #joebiden,1,1.0
201,1660131403,"Our Alliance is closer than ever, it is more united than ever. President Joe Biden on todayâ€™s signing of the U.S. Instruments of Ratification. Subscribe to BB news International for updates!! http://bbnewsin.com #USA #President #joebiden",1,1.0
202,1660110678,I Beg Your Pardon? #BidenByeBye #bidenflation #BidensAfghanistandebacle #Bidenswars #COVIDMandates #JoeBiden #MillitaryCoviddismissals,1,1.0
203,1660088482,The #fbi raid #mar-a-lago &amp; found the #safe full of #hardcore #xrated #nude videos of #joebiden with #nancypelosi #billclinton &amp; #billgates And #jeffreyepstein at a private party in #1998 &amp; #obama #smoking #weed #420 ğŸ‘‰ #trump2024 ğŸ‘ˆ,1,1.0
204,1660087140,#omg a must read!! Iâ€™m going 2 say ğŸ‘‰ load &amp; lock ğŸ¤£ - Attorney General Merrick] Garland needs a #blowjob #ğŸ¤£ defund the #feds ğŸ¤£ #NancyPelosi needs a #ABORTION #ğŸ¤£ #JoeBiden needs rehab #ğŸ¤£ #defund the #fbi &amp; more!! My #Favorite is make #January6th a National #holiday #MaraLago #trump2024,1,1.0
205,1660049680,The first pictures from @donaldtrump_2024 #safe after the #fbi open it up!! â€¢ â€¢ #trump #joebiden #tiawan #china #war #economy #money #cash #dollar #sendmoney #telegram #zelle #bitcoin #gofundme #cashapp #trump2024 #trump2020 #trumpsupporters #fuckjoebiden,1,1.0
206,1660045082,The most wanted man in the entire #usa by the #fbi - 4 making #makeamericagreatagain #trump #trump2024 #trumpsupporters #trumprally #january6th #joebiden #recession #economy #gold #cash #money #dollar #trump2024 #covid #china #tiawan #cuba #matanzas @donaldtrump_2024,1,1.0
207,1660033147,KRUNG TRUNG VS JOEZILLA ICONIC NFT JUST DROPPED #NFT #JoeBiden #Trump,1,1.0
208,1659670510,Free Britney n free all di mandem #freebrittneygriner #bidenmemes #crimebill #joebiden #youhadmybacknowihaveyours #criminalreform,1,1.0
209,1659440978,"""Justice has been delivered,"" US President #JoeBiden said after confirming reports that al-Qaida's top leader Ayman al-Zawahiri was killed in a drone strike. ""This terrorist leader is no more.",1,1.0
210,1659422959,"A Kabul Safe House - How CIA Identified, Killed Al Qaeda Chief Zawahiri Al Qaeda leader Ayman al-Zawahiri was killed in a US strike in Afghanistan over the weekend #Jawahiri #AlQaeda #CIA u/POTUS #JoeBiden",1,1.0
211,1659422886,"A Kabul Safe House - How CIA Identified, Killed Al Qaeda Chief Zawahiri Al Qaeda leader Ayman al-Zawahiri was killed in a US strike in Afghanistan #Jawahiri #AlQaeda #CIA #JoeBiden https://www.indinews.live/a-kabul-safe-house-how-cia-identified-killed-al-qaeda-chief-zawahiri/",1,1.0
212,1659370269,www.cryptolibrarynow.com #ethereum #solana #bitcoin #sharktank#usanewstoday#joebiden#polygon#crypto,1,1.0
213,1659241082,"US President JoeBiden Has Tested Positive For COVID-19 Again, in What is Likely a Rebound COVID-19 Positivity.",1,1.0
214,1659229612,The first 1 #billion people to send me #1 #dollar #2 my #cashapp #zelle #paypal #gofundme #sendmoney #telegram #westernunion #cash #money #dollar I will show how #2023 will look like - #ps I also #accept #bitcoin #joebiden #trump #666 #Illuminati #masonic,1,1.0
215,1659137847,Decoding the Biden-Xi Jinping phone conversation. #nancypelosi #nancypelositaiwan #xijinping #taiwan #joebiden,1,1.0
216,1659136031,Decoding the Biden-Xi Jinping phone conversation. #nancypelosi #nancypelositaiwan #xijinping #taiwan #joebiden,1,1.0
217,1659133444,Decoding the Biden-Xi Jinping phone conversation. #nancypelosi #nancypelositaiwan #xijinping #taiwan #joebiden,1,1.0
218,1659034282,#trump #economy #recession #inflation #elonmusk #jeffbezos #joebiden #gasprices #money #cash #dollar #zelle #cashapp #sendmoney #telegram #westernunion #paypal #gofundme #donation,1,1.0
219,1659033732,#trump #economy #recession #inflation #elonmusk #jeffbezos #joebiden #gasprices #money #cash #dollar #zelle #cashapp #sendmoney #telegram #westernunion #paypal #gofundme #donation,1,1.0
220,1658969270,Noticias del miÃ©rcoles 27 de julio shorts tarifa transporte joebiden shakira brendanfraser,1,1.0
221,1658885234,@JoeBiden vs @POTUS 07/26/22,1,1.0
222,1658882506,Mark this post 4 the rest of your life! - #gasprices #inflation #recession #trump #joebiden #wallstreet #gold #bitcoin #democrats #republican #nancypelosi #cash #money #dollar #cnn #breakingnews #covid #bitcoin #nft #metaverse #january6th #proudboys #russia #putin #chania #lockdown #capitol,1,1.0
223,1658859557,The new Definition of #define is you are #fucked #ğŸ¤£ #recession #economy #JoeBiden #inflation #gas #money #cash #dollar #trump #sendmoney #Telegram #westernunion #zelle #cashapp #flatbroke #dinero #GoFundMe #Donation,1,1.0
224,1658609613,4 over 400 million years humans have been waiting for #jesus - thatâ€™s a long time! ğŸ«£ - #monkeypox #COVIDisAirborne #Polio #BidenHasCancer can u imagine if something happens to #JoeBiden #ğŸ˜³,1,1.0
225,1658536859,#Doctors now think where #joebiden got #covid -,1,1.0
226,1658518425,A new study shows that #covid is a experimental test on humans â€¢ â€¢ #covid_19 #joebiden #covidpositive #virus #covidtest #lockdown #global #pandamic #economy #viruscoronavirus #joebiden #trump #cash #money #dollar #dinero #gofundme #telegram #westernunion #cashapp #paypal #zelle,1,1.0
227,1658511648,JOEBIDEN,1,1.0
228,1658490036,Scientists are conducting experimental test on humans ğŸ«£ - #COVID19 #BREAKING #JoeBiden #TrumpCoupAttempt #January6thHearings #cashapp #cash #dollar #money #GoFundMe #Telegram #sendmoney #zelle #westernunion #PayPal,1,1.0
229,1658469501,"JoeBiden tested positive for COVID-19 on Thursday, is experiencing mild symptoms, and has begun taking Paxlovid, an antiviral pill treatment.",1,1.0
230,1658458106,BREAKING NEWS: #JOEBIDEN HAS COVID!!!,1,1.0
231,1658451169,Las breves del coronavirus de este jueves 21 de julio covid19 shorts joebiden uruguay vacuna,1,1.0
232,1658441405,"The #PresidentialPardon that #JoeBiden is undoubtedly planning for his errant child, #HunterBiden, will top the charts as the very most cynical â€œGet Out of Jail Cardâ€ in history. That is, until Joe finds a way to pardon himself! Nothing is too daunting for a career politician.",1,1.0
233,1658441401,@7eleven is changing its name to 9to5 #ğŸ¤£ #lol - #economy #jobs #recession #jobcuts #joebiden #Cash #dollar #money #elonmusk #trump #jeffbezos #restructuring #ğŸ¤£ğŸ¤£ğŸ¤£ğŸ¤£ğŸ¤£ğŸ¤£ğŸ¤£ğŸ¤£,1,1.0
234,1658428646,Curb Your COVID Vaccinations #joebiden,1,1.0
235,1658390925,"""The State Department fully supports Ambassador Degnan and her US Embassy Tbilisi, Georgia team. Spokesperson Ned Price Subscribe to BB news International for Latest Breaking News ! www.bbnewsin.com #USA #president #JoeBiden #SpokespersonPrice",1,1.0
236,1658376443,Hunter &amp; Joe: a beautiful compilation ğŸ’• #PedoPete #HunterBiden #joebiden,1,1.0
237,1658376418,"""You go to jail for 5 years"" says @POTUS . That obviously isn't applicable to @JoeBiden son huh #HunterBiden #BidenCrimeFamilly",1,1.0
238,1658116441,"ğŸš¨ @rogerkver , with over 700k followers, now in #TwitterJail for sharing video of #HunterBiden smoking crack and #JoeBiden presenting the 1994 crime bill",1,1.0
239,1658116382,"ğŸš¨ @rogerkver , with over 700k followers, now in #TwitterJail for sharing video of #HunterBiden smoking crack and #JoeBiden presenting the 1994 crime bill",1,1.0
240,1658089430,The truth is that the left is so afraid of freedom of speech that they will do anything or do what ever it takes that they will say and tell you anything they want and brainwash you!! - #trump #joebiden #inflation #economy #freedoom #gasprices #january6th #proudboys #january6 #trump2024 #google,1,1.0
241,1658087889,"The next 100,000 people to $1 to my #cashapp #paypal or #zelle #account will not get #spam #ğŸ¤£ #sendmoney #telegram #cashappme #gofundme #money #cash #dollar #donate #joebiden #trump #bitcoins #nft #metaverse - #ps I also accept #crypto #ğŸ«£ this is not a #politicalmemes #post #ğŸ˜³ #illiuminati",1,1.0
242,1658017958,#aoc #DemocratsAreTheProblem #Democrats #DemocratsdestroyingAmerica #Ivana Trump #DemocratsAreADisaster #Democrats #JoeBiden #AbortionBan #Trump #TrumpIsALaughingStock #January6thCommitteeHearings #proudboys #Secret Service #BreakingNews #bitcoins #gasprices #OsunDecides2022,1,1.0
243,1657906034,"$20,000 - On my #ebay #store #bestseller #joebiden #baseballcards #topseller #ebayseller #ebayreseller #trump #bestpresident #cash #money #dollar #zelle #sendmoney #gofundme #westernunion #telegram #bitcoin #nft",1,1.0
244,1657884710,A #recession is another #goverment #conspiracy itâ€™s just another way to take away from you and give it to the #rich - #wallstreet #bank #feds #bailout #dollar #money #cash #iliuminati #666 #gofundme #sendmoney #bitcoin #robinhood #taxpayers #trump #2023 #economy #gasprices #joebiden #nft #metaverse,1,1.0
245,1657861806,â€œWho Wants to Be the Next Democratic Nominee?â€ - Episode 2. Next Contestant: JB Pritzker. #2024election #Chicago #Democrat2024strategy #Gunviolence #HighlandParkshooting #JBPritzker #JoeBiden,1,1.0
246,1657769933,Tyson James - Pedo Peter [Thanks Hunter] #hunterbiden #joebiden,1,1.0
247,1657760286,Did you know a #recession is #government #conspiracy it takes away from the #middleclass to give to the #rich think about that!! ğŸ¤” @PeterSchiff @SchiffGold #money #dollar #Hunter Biden #cash #bitcoin #economy #Jill Biden #JoeBiden #rates #gasprices #recession #bailout,1,1.0
248,1657748043,"A new poll shows more then 125,000,000 million non US citizens will be voting for #joebiden in #2024 - #trump #january6th #nyc #california #miami #inflation #economy #gasprices #recession #nft #bitcoin #cash #dollar #money #gofundme #sendmoney #zelle #cashappme #vermo #paypal #gold",1,1.0
249,1657658363,"#repost - The first 1,000,000 people to send $1 to my #cashapp #zellle #paypal I will show u how #2023 will look like #ps I also #accept #Bitcoin #sendmoney #Telegram #GoFundMe #cash #money #dollar #Donations #repost #BorisJohnson #JoeBiden #trump #elon",1,1.0
